Rainfall_Index,Temperature,Urban_Expansion,Logging_Activity,Agriculture_Expansion,Deforestation_Rate
37.52,95.08,73.23,59.91,15.69,15.68
5.9,86.63,60.15,70.84,2.16,96.99
83.26,21.31,18.26,18.42,30.49,52.52
43.25,29.19,61.22,14.04,29.29,36.7
45.66,78.54,20.05,51.47,59.28,4.74
60.79,17.14,6.6,94.89,96.57,80.86
30.53,9.86,68.45,44.07,12.29,49.57
3.54,90.94,25.95,66.29,31.24,52.05
54.72,18.57,96.96,77.54,93.96,89.49
59.83,92.2,8.94,19.68,4.62,32.6
38.93,27.21,82.89,35.74,28.17,54.32
14.18,80.24,7.55,98.69,77.25,19.95
0.65,81.56,70.72,72.93,77.15,7.5
35.91,11.68,86.32,62.37,33.16,6.45
31.17,32.59,72.99,63.79,88.73,47.27
12.05,71.35,76.1,56.17,77.12,49.43
52.32,42.81,2.64,10.88,3.24,63.68
31.5,50.91,90.77,25.0,41.1,75.58
22.96,7.79,29.05,16.21,92.98,80.83
63.38,87.16,80.39,18.74,89.27,53.98
80.76,89.62,31.87,11.09,22.87,42.77
81.82,86.09,0.79,51.12,41.8,22.29
12.07,33.83,94.3,32.39,51.93,70.33
36.43,97.18,96.25,25.25,49.78,30.16
28.56,3.79,61.0,50.32,5.24,27.94
90.84,24.03,14.57,49.0,98.57,24.28
67.25,76.19,23.84,72.85,36.84,63.27
63.39,53.62,9.12,83.55,32.15,18.73
4.17,59.13,67.79,1.76,51.26,22.73
64.55,17.52,69.12,38.73,93.68,13.84
34.17,11.44,92.48,87.75,25.87,66.03
81.74,55.56,53.01,24.26,9.4,89.73
90.05,63.35,33.97,34.99,72.62,89.72
88.72,78.01,64.24,8.51,16.25,89.87
60.68,1.02,10.24,66.38,0.61,16.16
54.92,69.22,65.23,22.5,71.25,23.8
32.61,74.67,65.0,84.94,65.8,56.87
9.46,36.83,26.59,24.47,97.3,39.37
89.22,63.15,79.5,50.31,57.73,49.3
19.6,72.27,28.15,2.53,64.58,17.79
94.05,95.4,91.49,37.08,1.64,92.84
42.88,96.67,96.37,85.32,29.52,38.57
85.13,31.76,17.03,55.72,93.62,69.63
57.05,9.81,61.54,99.01,14.09,51.88
87.75,74.1,69.73,70.28,36.01,29.43
80.96,81.03,86.72,91.33,51.18,50.2
79.85,65.03,70.23,79.6,89.01,33.87
37.62,9.49,57.87,3.69,46.61,54.31
28.73,59.12,3.15,3.83,82.28,36.08
12.79,52.27,77.02,21.66,62.33,8.63
5.26,53.18,54.11,63.78,72.64,97.59
51.68,32.36,79.54,27.16,43.95,7.94
2.63,96.27,83.61,69.63,40.95,17.41
15.73,25.1,54.97,71.49,66.05,28.07
95.49,73.82,55.48,61.21,42.02,24.85
35.66,75.81,1.54,11.7,4.7,4.17
85.56,70.4,47.47,9.87,49.21,47.4
17.4,43.44,39.91,61.62,63.55,4.63
37.52,62.62,50.36,85.66,65.9,16.38
7.15,64.28,2.75,58.62,94.03,57.59
38.88,64.36,45.88,54.61,94.15,38.67
96.12,90.54,19.66,7.03,10.17,1.92
9.53,68.33,7.21,31.97,84.5,2.42
81.47,28.26,11.9,69.7,62.93,87.76
73.53,80.37,28.28,17.83,75.09,80.7
99.05,41.32,37.26,77.66,34.15,93.08
85.86,42.96,75.11,75.48,10.4,90.27
50.57,82.66,32.07,89.56,38.98,1.18
90.55,9.22,32.0,95.01,95.07,57.39
63.22,44.9,29.39,32.93,67.28,75.26
79.18,78.98,9.21,49.49,5.85,55.0
44.21,88.78,35.16,11.79,14.38,76.17
61.86,10.2,8.5,70.13,7.37,82.2
70.65,8.23,8.58,98.67,37.49,37.13
81.3,94.73,98.6,75.36,37.69,8.44
77.74,55.88,42.48,90.64,11.21,49.31
1.23,46.92,5.72,11.97,11.84,64.96
74.63,58.38,96.22,37.55,28.64,86.87
22.44,96.33,1.31,96.99,4.41,89.13
52.82,99.3,7.47,55.43,96.93,52.36
62.98,69.61,45.51,62.79,58.47,90.13
4.64,28.17,95.05,89.04,45.62,62.05
27.81,18.89,46.42,35.4,58.41,7.87
97.44,98.62,69.85,53.66,31.02,81.4
68.5,16.35,91.1,82.27,94.99,72.6
61.38,41.88,93.28,86.62,4.62,2.73
37.71,81.07,98.73,15.13,59.45,38.15
96.99,84.23,83.85,46.92,41.54,27.41
5.73,86.49,81.31,99.97,99.66,55.59
76.92,94.48,84.98,24.81,45.11,13.0
95.41,60.66,22.94,67.2,61.85,35.88
11.44,67.19,52.08,77.25,52.06,85.23
55.24,56.14,87.68,40.41,13.49,2.98
75.54,62.07,70.44,21.38,13.72,1.55
35.12,59.03,39.29,43.8,90.43,34.89
51.45,78.39,39.71,62.25,86.25,94.96
14.79,92.67,49.26,25.9,45.97,98.01
49.31,32.94,63.38,24.09,7.68,12.98
12.89,15.28,13.97,64.12,18.27,34.63
89.69,47.45,66.79,17.31,19.31,4.18
16.98,27.93,17.78,8.96,12.15,46.13
20.71,36.49,50.39,69.07,4.03,79.96
62.83,8.27,87.37,92.1,6.2,27.76
80.64,74.85,18.53,21.01,37.11,48.5
61.86,36.95,46.31,74.77,3.76,25.32
71.36,89.53,51.22,53.26,10.81,44.8
53.31,24.32,27.0,37.79,2.11,32.28
21.22,32.82,12.06,89.06,59.4,67.94
78.94,49.89,8.78,53.76,58.73,74.57
43.22,12.85,28.45,36.37,64.63,57.12
35.67,98.65,60.62,23.8,10.27,15.37
24.67,16.15,18.74,28.58,17.42,89.69
8.12,52.5,41.1,98.24,11.29,39.85
96.95,86.56,81.73,25.86,17.17,66.9
92.94,55.72,57.2,28.07,76.97,18.79
32.44,42.6,50.81,24.32,11.57,61.1
28.93,58.17,15.52,48.17,53.31,5.28
33.73,13.53,6.43,99.0,32.3,81.01
25.54,68.18,76.05,59.6,47.21,41.24
34.95,92.96,83.08,96.51,12.52,73.11
93.84,18.21,6.74,74.14,57.49,84.2
14.06,79.55,20.24,16.45,16.51,81.48
66.55,52.35,35.95,87.73,39.31,81.68
43.97,37.76,46.32,30.21,74.79,50.32
23.3,89.97,38.45,54.4,90.66,62.46
11.78,93.99,62.81,33.56,14.01,79.42
62.05,53.39,89.4,78.88,15.25,31.24
24.92,74.42,3.45,57.03,76.27,87.69
34.27,82.14,11.15,84.66,12.84,39.79
79.75,15.08,23.0,72.25,72.03,64.15
69.43,54.32,25.25,34.64,18.24,90.85
58.38,40.15,46.25,94.73,15.42,58.66
50.64,61.18,1.91,87.23,93.22,56.56
69.7,92.26,70.75,15.34,57.67,60.71
42.47,73.67,93.44,92.56,45.14,11.41
98.49,83.91,12.55,92.09,87.0,51.93
59.17,39.96,5.57,33.59,80.31,0.56
33.42,39.88,53.79,91.99,34.7,34.76
73.78,45.28,22.54,45.3,14.17,17.72
49.89,41.95,91.49,36.3,58.1,63.26
1.41,66.39,17.89,96.11,14.95,41.52
8.63,99.69,50.27,59.58,6.8,75.02
21.07,89.82,20.59,19.15,3.75,47.26
56.53,6.66,77.58,45.38,52.49,44.13
40.14,56.01,15.61,18.27,86.19,94.62
37.39,27.15,64.44,40.93,2.64,15.7
71.63,65.93,2.81,22.28,23.18,67.22
2.07,10.5,80.01,17.94,65.31,23.89
10.03,24.39,72.25,85.58,83.04,39.78
66.84,20.58,29.39,89.64,1.4,8.64
20.87,2.75,18.23,58.35,42.2,89.28
81.76,34.25,26.02,38.03,59.07,26.88
62.45,41.0,55.25,43.67,29.52,94.85
76.38,14.1,86.86,48.79,89.47,80.01
42.58,2.34,26.94,54.21,63.38,25.86
14.02,83.51,98.44,52.62,17.25,27.3
1.94,91.44,11.86,57.69,27.48,55.46
65.18,82.99,20.72,1.2,13.77,90.01
87.4,59.78,60.09,66.54,17.62,91.45
41.94,38.38,51.94,4.79,16.71,73.83
8.37,60.35,24.61,38.99,28.94,35.63
71.93,29.78,56.68,47.66,66.4,93.69
73.28,21.57,3.22,26.3,59.55,5.24
49.69,59.72,33.49,77.11,10.75,7.61
72.85,49.6,68.87,43.54,24.72,81.93
79.96,69.5,27.29,59.06,36.16,9.25
91.74,13.77,95.03,44.66,18.59,54.24
87.31,73.25,80.68,65.91,69.26,84.93
25.04,48.99,22.2,98.77,94.41,4.04
70.59,92.53,18.14,56.84,91.56,3.49
69.77,29.81,92.45,97.11,94.43,47.47
86.22,84.47,31.98,82.91,3.8,59.67
23.08,12.14,7.79,69.66,34.05,72.5
6.63,31.6,54.0,79.09,31.94,62.63
88.61,61.62,23.37,2.54,87.02,2.22
87.48,52.94,93.91,79.9,99.79,35.14
76.74,40.25,48.04,62.79,87.38,98.41
76.85,41.83,42.19,73.78,23.95,11.14
35.53,28.8,29.7,23.44,4.31,1.89
98.77,42.83,38.49,68.0,21.9,95.0
78.66,9.03,41.82,87.92,94.48,46.79
61.38,16.79,99.12,23.24,94.28,65.0
60.81,51.32,23.14,17.74,22.13,18.73
77.98,35.08,5.88,96.91,88.39,92.78
99.49,17.47,39.68,75.85,69.63,15.47
81.6,22.52,22.46,53.74,59.33,58.05
9.24,87.76,26.63,13.04,88.89,95.57
86.23,80.97,65.56,55.13,8.79,40.9
37.33,26.05,72.37,49.64,8.2,22.1
68.36,7.71,85.14,49.57,48.11,59.28
82.49,34.85,67.83,56.62,26.78,87.88
79.76,65.88,85.07,86.74,70.87,83.72
69.78,68.05,61.9,75.3,15.94,88.1
87.2,3.02,82.6,12.97,33.58,74.38
16.16,81.81,83.23,50.8,0.74,28.78
61.73,98.12,63.22,26.05,63.44,54.04
78.01,10.79,76.13,54.17,96.3,34.25
63.3,93.21,10.34,93.73,68.82,6.88
30.17,70.85,6.83,58.26,34.65,62.13
4.67,87.17,97.35,96.89,74.99,13.1
75.85,2.56,2.31,32.43,48.92,77.06
68.36,44.65,27.44,99.71,42.68,45.19
16.45,79.5,69.4,22.15,8.33,68.08
65.49,27.4,95.09,15.19,43.29,94.37
42.03,63.89,39.82,27.49,98.4,40.99
89.42,23.07,21.39,3.21,65.2,36.92
86.45,47.37,96.82,18.63,86.88,77.68
77.12,84.49,76.13,62.66,13.21,3.35
92.09,61.7,79.67,48.2,11.82,12.61
68.59,43.09,20.13,49.21,6.51,58.24
26.97,79.78,31.11,45.58,1.26,7.34
39.31,48.05,60.04,29.24,69.53,86.03
78.01,4.06,48.1,10.58,24.28,98.67
14.34,49.94,61.85,70.28,56.01,1.08
32.71,51.82,8.88,35.13,3.42,7.95
39.75,13.36,56.8,68.98,80.08,20.1
16.83,10.55,63.68,70.68,3.26,93.63
5.29,54.18,70.94,87.11,71.44,80.19
34.01,81.5,8.1,89.49,54.8,81.75
45.29,64.39,52.69,73.19,8.25,6.13
24.79,16.04,87.19,22.0,97.59,33.76
18.29,78.99,65.9,49.87,55.58,71.95
22.92,99.63,97.48,65.07,20.03,68.05
7.31,3.16,25.84,46.32,86.84,72.74
74.3,42.61,34.66,37.17,98.77,4.11
86.72,57.91,43.92,72.55,48.72,87.35
90.08,42.23,27.76,59.28,91.25,21.15
62.33,63.19,73.34,13.24,71.61,90.91
18.05,23.83,97.14,18.18,85.45,49.28
24.8,87.09,44.59,51.53,35.99,59.34
16.44,39.17,96.94,25.89,65.71,32.59
77.37,13.17,96.99,45.43,23.68,7.44
17.06,52.03,33.77,82.91,43.15,24.95
61.75,70.71,16.79,16.85,3.76,73.67
66.41,47.52,84.43,80.59,58.58,86.84
20.66,11.28,27.05,5.8,53.16,93.67
4.03,12.3,45.27,93.39,31.68,50.77
4.25,14.92,98.66,96.52,0.59,95.19
63.95,86.81,45.53,51.61,48.94,66.72
14.05,3.09,30.86,70.5,20.27,67.38
96.99,9.48,67.29,44.43,86.83,17.8
69.29,83.83,94.47,68.36,49.77,61.82
86.9,57.1,3.14,93.1,68.98,67.68
21.65,65.92,39.45,65.16,10.75,65.82
99.94,4.92,97.72,40.75,87.09,78.26
56.74,73.87,87.86,40.47,32.77,66.79
80.8,76.25,79.8,43.61,81.8,12.11
54.49,0.68,32.53,36.71,39.68,69.58
38.92,44.92,23.83,37.39,22.8,7.41
60.38,66.85,61.99,46.4,38.04,86.35
51.96,47.97,2.66,34.19,38.08,39.94
58.06,53.41,60.83,76.51,81.32,71.84
95.56,1.92,19.66,0.86,64.78,89.81
24.42,92.71,6.12,93.45,35.23,10.23
48.64,25.75,28.56,30.8,80.32,53.96
31.2,61.07,71.64,27.34,41.41,12.28
18.2,68.14,18.23,52.56,70.93,10.78
56.77,25.73,96.3,48.41,80.62,55.07
4.44,63.35,95.15,60.2,81.94,88.43
22.89,21.28,61.14,41.16,84.0,90.01
35.41,23.76,78.07,27.55,82.28,42.43
66.79,9.64,62.42,45.23,58.7,16.88
73.71,86.29,21.75,9.66,2.46,64.23
60.75,54.72,23.27,39.15,59.49,49.73
98.78,13.73,69.54,40.49,42.88,71.79
69.27,99.13,12.93,10.5,72.46,57.88
27.49,8.03,8.66,89.43,19.27,32.4
22.74,35.56,7.04,51.95,6.85,80.06
23.45,54.05,88.02,65.12,53.34,32.5
33.37,66.98,99.41,66.22,55.82,73.09
46.57,6.11,56.27,95.77,17.61,69.03
20.17,53.63,9.76,45.09,75.64,34.82
66.52,79.57,92.73,23.54,39.99,15.33
99.25,92.71,54.04,84.22,52.14,62.4
9.0,75.55,12.86,82.62,78.22,70.9
3.71,30.38,26.38,36.08,8.86,93.7
55.42,30.62,39.76,44.78,60.1,51.62
91.95,49.75,99.22,85.16,20.93,93.07
11.73,81.76,38.12,87.81,86.82,80.61
79.02,30.54,8.18,40.36,17.44,69.53
34.68,97.56,64.13,82.27,13.34,86.22
92.28,48.76,60.66,76.5,17.57,50.31
39.93,14.72,36.82,6.91,2.68,13.6
96.32,55.0,96.59,43.31,31.25,50.66
44.01,10.66,64.12,21.68,62.0,65.06
15.29,6.23,78.1,46.03,5.91,99.49
5.87,69.53,98.37,23.99,14.31,12.23
30.4,10.19,69.25,6.32,50.99,99.67
81.42,61.56,30.69,62.43,52.75,42.67
13.16,88.67,45.03,19.54,36.84,41.47
82.77,73.39,76.95,1.2,41.67,48.19
2.02,26.06,76.05,13.8,53.58,21.6
1.31,24.2,97.59,80.17,95.96,48.84
11.06,54.84,45.49,84.45,9.9,48.88
15.09,32.54,73.76,47.65,37.65,39.51
46.0,78.52,89.22,95.54,78.71,31.61
68.84,43.82,25.54,84.1,3.94,90.19
46.2,63.76,65.97,89.52,63.7,61.43
6.76,51.89,15.1,73.77,51.27,68.05
4.26,8.57,71.66,7.3,7.22,1.31
95.65,73.78,35.39,29.72,35.04,77.49
66.17,18.6,17.49,9.93,66.06,76.46
26.58,2.19,8.31,96.79,29.61,76.95
62.5,38.26,20.65,12.23,61.54,77.49
64.43,53.08,4.29,96.85,79.89,29.35
98.0,60.23,58.28,74.83,81.2,65.68
12.9,33.89,92.82,22.54,37.28,43.26
44.0,61.33,94.31,24.15,12.24,19.83
88.7,64.62,28.66,81.61,86.15,84.67
91.9,25.3,75.53,46.11,84.22,72.88
77.67,65.65,17.83,54.55,98.47,93.75
4.41,16.57,13.26,72.63,81.8,21.43
50.63,84.09,73.31,54.27,59.08,50.89
29.83,56.55,68.92,87.34,63.67,76.14
16.09,46.21,1.03,24.74,72.67,99.18
10.01,40.21,80.03,20.48,55.55,73.33
61.64,18.88,35.6,78.4,55.47,0.62
76.12,3.63,74.6,20.33,95.81,36.86
32.76,14.97,30.63,87.68,99.63,36.89
44.92,72.23,88.63,59.35,39.21,41.32
69.59,0.42,62.0,35.61,79.44,9.39
58.86,48.15,64.27,6.58,58.04,56.19
56.11,60.39,67.68,80.52,27.06,82.52
49.88,7.8,5.95,33.49,78.51,70.8
78.88,51.78,44.08,14.83,32.89,43.46
8.95,22.14,59.86,73.59,99.83,93.32
64.29,42.18,63.65,78.59,11.92,41.05
84.0,38.44,57.23,58.82,18.53,36.29
33.52,2.72,2.52,83.19,27.38,51.86
29.94,94.07,26.0,43.02,87.29,84.21
18.69,80.28,45.87,48.35,13.43,8.15
72.82,49.7,43.74,72.98,76.57,15.97
61.06,13.62,75.16,65.73,95.67,6.99
5.8,28.29,26.24,24.77,90.63,25.03
27.27,75.96,45.03,77.69,6.63,48.81
3.46,6.36,90.65,14.01,53.29,41.17
34.8,89.99,2.28,66.41,96.34,56.06
93.69,5.32,41.94,26.09,73.11,98.13
25.73,65.45,19.89,56.58,46.45,97.2
60.89,35.02,11.5,15.21,22.61,25.17
85.08,56.17,52.39,11.57,86.03,72.31
6.86,70.81,54.4,8.26,45.88,48.52
16.66,94.58,85.01,66.94,46.28,41.24
65.13,54.59,6.32,51.3,80.66,45.98
5.29,78.65,20.22,25.94,16.55,33.09
75.7,51.99,20.57,87.8,87.97,87.07
23.96,45.18,98.5,77.22,2.81,6.61
46.45,90.93,53.92,49.83,10.64,65.71
82.23,38.1,77.58,96.45,20.46,52.38
28.79,79.31,57.8,63.49,79.81,39.66
91.52,53.35,15.88,69.62,79.35,31.74
85.73,90.62,27.76,98.35,14.16,20.28
18.5,89.41,65.46,15.3,44.09,61.57
8.44,88.25,80.38,50.57,96.72,41.83
98.41,66.83,63.5,16.68,88.2,42.81
16.31,1.36,56.02,52.79,71.96,89.04
8.03,73.18,18.82,85.83,81.92,54.13
71.05,31.5,47.17,82.18,45.98,35.84
49.47,82.84,33.59,17.46,71.23,82.62
10.15,24.06,14.28,34.86,45.09,74.91
65.15,62.13,35.3,84.16,47.18,97.91
63.45,12.71,67.65,32.58,68.66,7.06
17.57,85.59,22.8,83.72,28.0,64.32
69.45,51.31,30.6,21.34,3.42,30.46
65.35,93.84,87.13,76.63,78.87,66.53
26.1,90.73,67.11,56.09,11.19,44.76
46.09,86.47,54.71,38.1,97.68,11.16
42.31,4.3,74.02,91.82,28.08,85.85
29.29,91.09,75.42,80.51,1.9,96.28
72.69,30.54,82.96,28.22,87.29,11.35
70.4,54.12,9.74,24.27,1.34,46.93
30.2,59.88,29.79,30.06,74.35,4.91
90.3,85.24,66.81,59.36,89.24,18.61
7.99,24.03,79.48,3.56,58.32,99.54
85.58,52.19,6.46,83.15,59.94,11.58
9.48,90.97,66.95,82.95,87.91,57.22
51.79,43.1,31.76,43.52,77.41,60.23
89.26,44.39,60.75,63.17,59.21,70.29
23.82,51.29,10.51,38.51,48.82,65.26
95.06,60.11,74.39,50.68,63.45,7.19
25.51,36.25,47.3,4.66,14.09,27.75
97.16,33.2,48.26,19.69,61.12,28.14
20.78,51.71,0.65,0.87,21.98,3.77
10.89,33.95,80.28,57.25,51.32,29.42
93.18,39.76,8.8,61.74,11.47,34.59
50.79,87.43,49.41,70.26,99.28,13.24
27.55,39.52,42.24,41.16,90.77,71.43
60.83,31.01,82.4,95.51,82.14,0.26
63.68,5.21,25.83,6.05,60.42,68.69
11.54,38.45,45.68,36.97,12.19,41.95
75.14,7.19,8.11,35.54,94.18,66.89
67.9,36.26,59.41,1.11,63.65,91.34
61.3,87.38,72.42,12.14,90.26,6.74
53.44,14.3,1.27,42.26,29.57,48.65
57.76,4.47,12.39,55.91,34.38,72.94
65.26,84.58,69.28,43.05,67.33,27.61
30.7,78.92,44.7,79.86,82.26,85.77
91.67,43.16,31.95,58.26,37.18,60.15
70.59,68.87,37.52,16.77,43.11,14.35
89.02,34.65,15.53,2.64,64.62,63.73
34.13,7.26,41.02,31.19,67.74,60.62
36.52,21.87,98.8,45.45,68.86,14.14
48.61,2.85,50.59,96.41,38.48,4.0
3.19,38.86,16.09,2.43,75.65,45.91
29.0,90.02,11.7,95.6,31.47,88.85
60.33,82.69,98.4,28.91,96.12,39.01
38.61,34.1,54.19,15.5,55.42,54.22
76.21,83.38,44.1,30.3,26.01,19.54
5.86,34.31,27.1,96.65,55.82,34.79
58.09,14.01,44.46,62.66,48.94,40.24
99.39,88.04,62.38,56.98,62.1,20.21
39.57,4.04,47.61,54.35,22.85,96.41
90.95,72.24,53.39,87.01,13.15,79.07
12.57,79.44,27.65,87.72,94.41,14.96
46.32,98.1,48.39,86.37,58.91,37.6
28.65,20.4,76.2,38.72,51.18,49.28
57.77,86.57,98.08,40.82,82.77,76.48
57.4,95.61,20.13,11.02,85.41,43.97
84.71,89.32,6.34,88.36,44.89,51.09
62.7,92.65,2.01,47.74,68.8,72.3
69.28,13.53,30.01,35.94,80.46,27.95
21.15,95.75,0.99,99.78,67.71,82.86
29.53,1.53,73.81,83.43,74.07,14.37
75.37,76.92,65.89,76.63,84.61,61.4
8.95,48.81,7.86,40.81,40.77,6.69
34.95,11.19,80.84,94.77,7.32,95.52
52.31,30.03,7.78,50.11,79.47,70.74
5.12,7.38,40.35,29.6,23.32,28.17
80.37,92.93,40.57,90.62,32.22,47.7
22.68,64.08,97.9,60.39,35.85,64.82
12.38,88.88,50.36,44.99,58.63,62.52
7.27,68.29,24.27,71.42,82.27,80.42
55.29,52.06,14.37,77.56,27.21,49.72
28.5,13.47,62.99,5.53,74.89,31.83
0.11,51.16,4.78,27.69,70.73,6.36
83.95,0.48,24.76,74.12,31.7,10.28
36.09,27.11,84.29,31.4,78.91,89.2
43.44,91.0,37.79,96.41,9.02,68.73
49.43,38.83,63.31,70.42,0.54,16.78
71.33,66.67,96.61,76.13,95.08,70.28
29.88,10.63,78.2,64.45,4.91,36.07
95.68,50.09,43.33,45.82,20.97,36.93
37.04,5.33,76.78,41.71,82.24,85.05
21.28,65.77,47.28,88.03,21.65,67.81
60.81,29.6,13.75,65.2,73.89,31.63
64.52,39.57,71.35,20.0,89.03,28.81
36.84,5.9,11.24,51.63,26.83,83.56
1.57,37.97,33.8,2.03,12.52,41.42
49.34,40.49,53.14,59.55,1.09,46.46
96.35,51.95,67.79,31.26,77.42,77.31
52.18,97.6,12.64,1.79,77.04,80.73
12.11,26.63,1.85,29.4,77.34,51.84
34.87,37.24,0.24,30.05,64.68,97.42
84.72,2.46,89.87,78.34,78.06,45.85
39.86,30.36,6.66,22.9,24.74,48.46
74.77,47.43,5.88,95.78,94.28,78.54
99.13,54.49,96.28,7.65,36.63,22.62
19.66,14.17,62.28,78.15,57.87,14.78
81.13,63.63,38.88,67.45,26.06,34.58
91.76,29.12,47.05,89.03,70.8,6.31
14.82,0.88,63.13,44.82,13.51,95.8
53.01,24.27,50.11,67.99,7.72,27.54
80.72,46.02,54.7,43.34,4.49,16.66
44.61,21.0,5.09,84.38,98.12,79.33
85.39,24.27,96.07,19.77,95.15,99.48
71.2,98.12,57.0,26.03,43.76,59.4
7.4,62.27,98.12,19.09,79.28,90.8
94.38,96.02,52.19,97.73,75.76,16.25
47.74,71.86,24.81,64.1,66.69,16.35
56.55,77.19,49.94,1.31,1.0,35.77
92.63,22.94,63.47,22.29,32.23,84.82
72.91,9.63,42.93,3.01,48.14,66.28
11.94,28.96,39.84,91.96,99.33,4.59
76.12,37.24,39.31,75.45,91.85,95.1
57.75,35.78,78.78,25.18,56.45,35.92
65.7,24.12,19.24,91.83,10.27,50.65
22.16,3.99,3.7,17.6,86.69,28.32
95.05,58.2,43.72,58.05,51.72,75.9
28.32,35.37,89.42,94.65,89.27,42.0
78.06,47.69,49.8,20.55,59.15,18.69
33.22,85.52,20.79,7.21,6.99,94.08
50.74,41.0,81.11,83.6,33.29,69.39
77.14,65.5,15.24,87.6,53.96,28.32
42.58,3.85,12.87,76.58,0.1,41.71
52.3,5.56,97.31,22.69,30.49,30.46
23.12,0.25,72.96,96.69,22.51,66.34
74.22,84.86,42.32,30.36,32.6,71.29
81.7,18.24,37.16,90.2,80.69,98.49
75.45,39.38,59.1,66.14,7.94,54.5
70.96,16.82,78.09,58.42,95.23,4.34
26.61,60.2,29.73,71.47,75.92,10.34
51.43,50.94,36.99,93.3,82.77,69.75
71.46,46.23,92.11,69.49,72.93,86.18
27.48,80.73,19.6,34.6,33.63,97.85
85.67,70.15,72.73,56.25,94.71,49.68
38.11,16.39,78.64,73.47,38.5,2.62
83.92,1.24,70.4,97.03,43.82,23.57
70.52,81.73,54.69,96.71,5.26,50.53
71.87,86.28,18.01,80.02,55.32,39.72
13.26,86.54,15.81,31.05,29.08,87.15
67.3,79.69,25.12,62.52,57.22,83.3
90.62,1.31,67.43,5.28,54.93,28.83
30.75,35.36,62.17,33.47,73.3,40.51
6.93,78.4,28.65,43.33,68.58,33.31
5.75,37.45,94.45,64.21,67.18,63.26
19.98,41.89,75.12,10.23,27.86,27.7
43.26,98.04,6.84,51.92,18.02,97.07
11.42,40.42,73.81,70.48,42.33,34.72
39.82,26.5,20.61,48.36,26.93,28.82
65.71,96.86,60.4,7.79,7.65,95.15
29.8,9.3,59.94,62.4,64.89,26.81
1.61,96.51,25.16,67.64,70.69,61.04
31.36,27.18,59.81,86.62,94.68,10.68
15.57,94.48,73.68,88.31,20.34,58.8
70.14,68.04,40.87,1.64,58.33,25.38
45.08,95.76,39.96,84.0,18.94,67.28
97.7,10.28,0.93,43.41,9.35,74.86
91.46,43.46,25.95,43.5,72.37,1.0
58.99,61.37,63.81,24.28,71.43,9.23
20.01,87.76,73.9,1.47,24.91,21.52
27.15,24.83,6.35,45.95,73.3,60.71
67.32,8.21,95.15,83.87,80.53,82.32
93.28,54.47,20.11,61.72,74.31,73.82
52.19,6.94,37.17,92.08,58.49,53.88
26.96,36.91,89.55,66.68,78.76,45.49
63.06,24.91,70.58,42.82,44.31,64.97
93.63,6.49,82.49,29.31,44.45,2.29
30.17,50.31,5.71,49.16,92.72,10.63
76.47,41.03,65.55,26.1,16.03,16.13
7.14,18.65,66.46,88.18,81.43,68.54
11.13,28.99,31.05,25.07,51.55,53.6
35.75,35.44,82.87,78.95,30.85,91.39
95.29,32.74,35.51,50.61,94.12,87.64
10.35,39.33,55.38,50.36,19.47,85.9
67.73,83.81,85.89,74.86,43.98,61.09
16.12,67.4,18.01,69.43,23.04,11.84
16.61,0.3,71.9,73.27,51.54,16.22
8.45,2.01,16.66,89.1,24.23,35.49
10.62,22.31,51.97,60.81,24.61,5.87
39.16,23.5,22.03,95.99,61.67,55.73
41.64,42.95,54.14,69.67,70.24,17.25
50.06,41.25,87.07,63.18,53.3,11.63
60.6,11.81,33.79,14.37,69.24,20.7
39.25,89.58,20.51,50.83,41.99,1.91
79.3,7.0,47.48,56.11,62.88,68.89
25.4,1.1,72.37,53.61,83.63,82.16
84.35,48.56,33.43,79.18,45.18,18.43
85.51,88.27,46.68,7.66,38.84,80.37
90.19,20.43,6.79,87.75,39.0,54.22
96.81,6.75,64.87,7.5,37.61,80.4
43.4,99.72,55.95,32.18,22.09,35.12
37.32,6.96,37.02,46.48,72.3,65.71
70.91,0.94,21.84,66.2,48.45,0.63
80.47,77.3,54.89,6.74,76.67,58.41
78.22,75.2,80.32,51.85,14.12,67.15
62.09,74.25,17.07,19.58,89.05,75.02
90.83,75.9,59.76,65.45,88.92,57.92
63.28,15.73,47.44,71.67,27.17,20.31
31.45,24.23,21.57,42.54,90.79,50.76
18.87,7.79,69.65,38.34,82.2,65.99
79.64,27.27,69.27,26.48,93.91,63.67
32.52,27.02,19.17,69.49,21.95,59.57
26.54,66.23,81.51,77.82,76.11,18.85
8.93,69.92,36.9,43.29,3.21,26.03
3.46,87.93,24.42,55.78,3.99,66.72
32.37,89.8,88.82,32.6,90.11,99.62
82.56,84.5,24.98,57.71,6.82,9.58
99.89,32.73,74.84,80.69,85.82,99.76
24.23,4.13,41.18,13.1,2.34,36.11
78.4,56.66,31.35,65.47,23.28,1.54
76.46,62.41,76.25,3.99,83.73,61.99
56.38,62.5,86.46,58.73,58.14,99.07
75.7,44.29,70.77,38.98,22.96,59.73
92.83,92.92,34.26,52.81,21.24,99.56
98.11,64.99,80.46,71.54,59.36,5.43
45.53,67.51,67.79,37.37,94.18,16.82
50.09,69.12,69.74,64.9,27.6,15.71
63.63,59.97,18.02,70.54,45.57,66.81
83.75,17.06,2.01,77.93,61.01,69.99
83.83,80.3,96.1,53.64,48.9,40.25
15.45,57.3,27.77,92.14,58.36,59.32
35.56,5.29,3.27,42.39,8.55,60.72
88.11,88.3,65.94,21.2,86.31,88.62
19.75,73.77,28.72,80.28,99.72,3.1
89.75,62.3,97.34,46.55,84.75,6.33
33.59,6.79,97.54,81.72,85.27,93.8
8.6,38.62,7.2,21.16,23.01,46.96
26.93,10.19,16.83,14.81,97.31,75.95
96.78,44.03,27.91,79.85,32.69,30.01
23.33,13.05,25.72,35.6,67.43,6.35
21.13,80.92,14.78,34.33,86.48,15.58
8.37,48.51,30.31,56.38,80.4,13.8
58.11,50.6,14.49,62.44,27.44,48.83
8.32,46.01,30.72,82.26,5.79,41.92
45.9,72.53,57.47,66.75,77.73,86.23
31.46,53.85,84.03,98.95,88.96,37.21
19.6,48.99,74.19,49.31,48.37,83.84
36.2,85.99,40.74,32.89,45.45,76.27
12.69,19.72,95.15,17.63,56.82,57.97
49.01,64.51,23.06,55.31,37.28,66.2
14.21,57.13,18.61,27.94,21.95,18.37
82.59,28.64,92.72,97.0,57.17,14.39
37.52,79.79,36.8,8.79,55.72,84.53
79.61,17.59,67.31,22.13,21.9,87.42
25.04,26.4,0.17,87.08,79.28,62.77
75.05,15.29,45.89,35.19,9.47,48.66
92.08,4.1,29.22,20.83,23.89,90.85
46.86,46.68,76.08,15.53,48.78,43.06
59.73,99.96,76.97,39.85,82.77,17.15
3.14,20.52,34.11,51.11,61.55,91.07
51.03,50.18,5.12,3.59,55.16,43.87
83.93,16.15,2.59,44.96,23.82,5.06
72.49,11.25,60.87,28.18,17.43,38.04
80.16,39.27,75.1,12.64,77.3,23.77
67.77,56.62,92.92,38.79,6.71,2.01
82.7,52.52,77.55,23.52,34.57,3.11
96.15,66.82,93.33,26.62,61.19,67.88
31.82,84.83,94.72,88.5,73.93,27.82
28.23,96.34,1.13,71.63,70.65,62.31
99.01,31.26,34.06,7.99,44.34,26.18
34.4,83.47,93.55,18.65,37.31,92.87
6.27,9.33,16.36,59.56,15.13,96.81
44.73,50.2,24.74,47.15,66.23,75.14
75.41,57.83,90.45,81.76,75.73,5.65
0.79,21.32,66.39,41.18,40.3,88.47
89.57,90.93,31.46,69.14,27.24,19.14
18.54,34.28,43.05,83.11,12.08,73.52
53.19,28.87,49.33,30.06,59.65,43.44
16.52,11.75,54.71,90.25,34.46,73.33
65.9,93.16,82.12,56.7,65.74,89.85
40.01,32.75,1.18,82.67,80.12,10.54
57.73,46.45,11.96,98.06,21.55,6.82
59.53,73.91,3.34,65.91,53.28,10.42
17.34,56.84,29.71,93.84,81.89,98.36
26.04,96.98,43.18,34.82,5.13,5.37
69.23,45.85,22.73,61.44,25.36,57.81
35.98,82.37,82.09,47.79,35.15,36.32
80.59,32.89,20.99,8.56,46.72,48.26
84.11,22.2,38.16,80.86,82.38,38.52
45.97,30.4,93.26,11.95,93.38,68.42
53.2,3.36,47.61,40.83,16.21,65.68
97.12,56.26,71.5,6.94,41.82,11.72
61.32,93.85,66.21,7.77,35.53,55.11
40.38,83.38,81.49,61.22,37.41,25.61
10.68,35.55,41.38,67.61,65.85,7.1
39.59,18.26,15.77,82.75,4.29,41.98
16.9,87.95,55.75,23.21,50.29,73.18
95.82,22.12,88.63,93.44,91.65,63.58
63.02,40.38,75.26,53.18,67.78,42.9
73.18,82.46,14.73,83.31,54.08,84.48
43.19,37.97,91.51,25.19,84.44,48.45
51.46,30.92,57.35,32.59,4.02,27.27
0.74,97.84,96.58,39.58,72.86,34.65
67.14,80.56,94.68,40.08,78.35,26.67
99.03,2.67,60.39,65.98,68.84,12.13
93.86,18.2,62.31,22.35,30.79,54.69
41.78,16.11,17.18,41.87,75.75,89.81
8.5,39.37,10.11,1.76,66.21,60.28
16.39,23.46,2.47,83.51,97.47,13.63
23.22,86.85,92.65,42.02,5.16,4.04
57.44,39.35,2.96,58.37,1.23,78.76
30.71,4.12,58.88,39.83,97.38,54.47
27.6,70.97,27.22,90.43,37.53,55.03
5.15,42.67,83.25,80.58,22.51,22.69
81.75,93.05,9.63,45.06,33.81,87.08
8.44,21.19,75.27,5.22,49.3,44.27
33.51,39.52,53.04,16.22,57.24,80.56
76.04,15.47,15.01,26.89,36.17,40.9
68.0,5.76,3.56,39.25,69.75,19.42
64.19,26.06,88.62,89.58,29.8,23.08
41.19,24.13,67.27,82.62,67.34,82.45
39.76,15.72,73.82,36.11,67.16,27.14
8.21,99.26,15.7,98.84,97.73,79.4
65.98,57.82,86.62,29.02,46.82,61.98
41.18,42.81,33.1,56.47,85.07,20.23
93.45,68.94,82.34,55.66,77.97,1.72
81.86,4.11,89.0,99.2,29.48,21.11
76.56,25.38,86.57,10.37,12.68,97.92
67.42,84.7,32.5,67.68,59.46,60.35
68.28,57.58,42.96,27.66,76.88,22.7
69.27,23.41,62.57,74.73,21.95,6.09
13.18,60.64,84.96,4.6,73.44,34.2
47.9,92.89,33.26,46.59,1.47,8.25
25.93,2.88,63.17,42.7,54.86,17.55
29.66,66.42,96.53,5.14,89.05,57.73
56.44,50.08,7.03,9.08,60.13,34.16
91.74,40.72,14.41,71.5,29.41,52.59
69.81,90.04,79.24,67.67,68.0,94.6
29.65,0.21,27.27,21.87,66.22,63.41
59.39,1.72,72.9,32.42,66.54,55.7
34.34,13.54,9.53,83.17,91.85,65.01
10.43,40.26,72.92,78.0,11.91,0.1
71.24,35.72,25.52,1.39,54.08,85.13
95.77,56.62,51.49,8.6,54.93,38.06
60.75,38.93,24.11,9.59,31.56,9.75
17.77,98.73,44.47,53.23,87.37,99.56
58.31,81.27,32.76,30.64,40.33,67.28
68.25,31.59,13.41,63.28,12.92,57.89
69.37,70.09,75.37,87.3,50.05,73.05
61.96,18.75,2.67,28.53,44.36,61.75
85.01,19.7,12.64,96.35,10.89,47.9
58.6,54.18,8.69,5.8,10.64,58.6
54.48,23.45,63.81,82.02,4.25,49.86
68.96,25.31,30.85,61.4,89.8,81.01
58.35,73.05,36.55,64.13,46.67,19.07
70.2,55.69,35.93,91.14,2.19,31.65
5.78,76.68,70.24,33.2,67.6,39.65
75.65,45.47,41.29,93.48,25.16,12.13
58.5,96.94,37.85,6.3,34.0,50.64
16.28,65.84,99.78,45.23,35.54,40.13
11.6,88.34,41.54,38.79,66.0,44.26
64.86,6.24,81.39,94.06,64.91,95.46
15.23,47.79,60.22,58.22,40.21,33.87
12.77,39.24,16.35,73.46,20.96,5.95
55.28,59.56,87.2,57.74,34.61,80.32
54.07,8.02,56.63,90.81,39.69,29.7
14.43,15.23,43.33,59.61,8.15,93.96
75.54,58.7,82.86,8.11,47.74,63.05
82.88,78.37,27.78,94.09,12.52,87.53
97.1,17.8,72.23,4.12,40.6,51.68
58.11,93.6,67.26,48.18,80.99,95.06
2.3,98.25,8.7,81.46,28.11,13.3
44.04,64.43,38.16,5.55,59.99,90.25
38.38,21.71,44.31,4.93,82.07,82.65
58.84,35.37,80.0,55.51,82.61,63.18
78.46,59.9,41.47,95.8,54.16,60.55
22.13,62.6,57.2,18.57,6.05,60.48
76.39,52.39,22.75,66.69,8.1,44.24
16.42,18.53,20.31,38.73,5.21,39.84
51.22,48.38,38.34,83.93,14.62,50.62
6.3,7.21,57.43,56.65,87.82,55.83
95.98,4.96,9.89,4.5,18.61,54.17
64.59,4.65,94.6,84.23,29.73,7.81
17.07,12.78,12.42,51.9,24.66,35.88
98.95,68.46,94.9,14.34,38.28,55.52
7.77,0.52,67.08,64.22,41.14,49.02
41.6,2.5,33.6,17.79,9.93,95.68
59.98,72.89,31.6,39.38,23.77,9.79
17.99,79.77,67.79,54.74,47.56,92.25
7.37,28.13,35.06,78.26,99.25,24.14
87.44,83.08,22.54,39.99,41.03,97.82
18.17,79.94,33.49,73.11,42.06,57.88
83.28,80.44,86.66,6.06,69.24,14.08
41.64,54.9,40.33,52.01,99.65,13.61
67.58,39.66,13.39,15.96,94.93,87.97
90.71,99.15,20.91,35.61,66.95,48.43
41.9,35.85,59.42,57.6,16.23,47.23
55.39,57.07,21.09,74.25,2.62,35.55
78.04,56.43,26.19,69.53,56.78,79.64
73.53,61.05,48.87,13.4,26.21,41.97
59.97,51.42,28.89,0.75,49.67,28.63
73.49,2.49,58.52,94.15,17.52,47.22
9.23,62.61,55.1,40.8,52.19,89.67
19.71,2.35,86.18,57.75,89.08,59.73
81.04,43.02,75.01,91.31,57.26,18.16
26.95,19.94,24.76,30.71,55.56,58.84
42.71,61.58,8.25,8.87,17.27,51.86
21.48,28.4,40.09,81.21,1.48,64.97
66.92,79.89,93.28,2.11,15.46,88.63
45.91,56.5,66.34,67.94,93.18,99.7
72.04,28.79,87.99,5.02,23.18,89.75
25.69,22.14,13.9,85.93,50.06,67.52
23.98,75.83,76.02,31.33,41.13,21.05
97.66,64.6,93.46,30.41,78.21,76.61
69.2,96.57,39.42,13.16,67.2,72.96
57.55,20.76,50.5,31.29,42.8,64.56
74.55,23.3,40.59,26.99,19.94,78.36
90.93,37.09,75.15,89.71,84.63,18.36
95.63,37.73,33.99,6.34,48.67,10.99
24.93,31.76,80.9,87.56,30.32,85.88
85.74,76.49,14.75,69.06,94.51,68.29
33.23,50.11,64.61,51.11,12.08,31.28
80.26,86.16,13.82,95.24,32.95,66.27
75.21,81.21,94.58,31.36,85.86,13.26
70.53,74.22,67.8,25.31,87.32,16.97
5.46,71.77,47.6,84.92,38.4,16.91
83.66,54.94,19.0,72.07,51.16,60.47
46.14,82.89,82.97,70.97,10.63,83.9
67.13,69.73,36.36,87.94,72.56,11.35
40.84,88.65,4.81,96.15,67.95,63.17
27.13,24.95,94.21,29.9,77.57,39.37
14.01,1.17,54.47,97.58,36.98,35.78
34.47,52.1,44.12,88.0,50.6,50.83
13.92,98.28,25.07,7.43,66.35,59.58
41.57,42.28,78.53,19.65,82.04,64.91
41.96,45.86,25.74,75.24,51.34,32.15
59.65,99.57,43.58,92.08,34.57,5.57
20.5,41.93,22.04,0.12,91.51,84.4
74.25,16.86,12.12,6.85,72.43,92.89
43.11,12.0,51.29,34.95,37.55,62.17
71.9,11.15,3.66,99.43,23.35,5.48
19.07,3.99,39.24,80.26,34.19,44.47
67.59,50.94,86.16,86.62,1.09,77.83
46.13,98.89,48.37,98.69,75.48,24.94
53.89,99.21,85.77,9.83,70.67,34.62
0.8,40.41,23.55,81.91,33.8,82.77
0.16,30.85,24.19,23.43,6.91,18.79
55.6,29.21,41.8,37.75,87.6,90.54
49.35,33.08,10.77,95.34,6.12,29.84
29.88,32.11,16.51,78.34,12.34,63.53
12.47,7.15,90.95,19.09,82.14,54.51
7.88,95.55,24.77,85.98,16.96,85.41
1.42,51.23,76.97,93.49,90.93,81.98
88.83,20.0,28.49,28.97,37.77,39.39
54.5,16.07,69.16,16.84,31.1,50.38
79.66,73.97,64.59,15.66,54.75,8.84
37.8,41.41,4.08,27.47,95.57,95.37
35.3,4.41,17.99,39.28,94.78,14.21
76.38,10.96,98.13,38.22,77.55,34.32
62.8,19.28,14.69,93.81,91.77,88.76
62.58,80.85,7.0,33.55,31.44,63.6
35.66,14.94,59.69,81.46,38.27,13.31
19.75,23.82,30.06,64.32,60.13,69.64
36.31,82.42,20.49,46.96,80.11,18.1
11.08,88.38,34.36,68.42,2.63,69.04
31.68,5.67,61.02,24.16,38.74,8.15
14.8,29.87,9.07,91.09,0.7,48.44
12.41,30.84,92.61,16.25,96.59,20.66
74.18,54.71,88.46,55.44,53.5,19.63
16.71,91.66,32.85,37.27,76.01,33.95
95.21,73.82,59.78,88.1,5.06,25.78
46.56,22.78,74.42,91.93,42.43,34.28
96.16,44.54,48.96,35.23,90.96,56.94
76.24,81.2,34.25,43.43,84.86,36.39
79.41,94.11,62.36,74.19,80.53,84.52
39.57,5.22,40.25,67.41,45.09,74.92
35.76,63.51,18.72,74.96,54.62,20.49
29.26,74.89,48.31,21.68,96.73,71.54
95.72,42.77,47.56,89.81,52.55,70.76
25.29,44.73,12.43,20.68,0.19,4.02
97.73,24.31,66.36,83.93,55.11,15.4
72.84,60.07,73.15,77.0,97.54,57.4
34.23,64.88,6.94,89.75,12.03,32.85
81.59,59.77,39.42,47.4,85.47,34.07
86.98,8.9,77.7,84.77,18.26,43.09
16.63,70.69,53.58,63.57,19.73,21.25
4.25,32.27,56.02,85.81,66.73,43.6
95.32,71.95,93.02,52.81,25.96,5.38
72.64,12.22,30.35,53.29,56.49,60.1
16.71,38.04,61.76,96.98,72.79,92.27
76.24,59.21,19.28,66.7,62.38,60.29
49.03,52.91,33.51,51.98,19.84,80.54
18.66,8.59,43.68,65.86,43.83,27.75
55.86,34.77,93.29,92.27,50.29,32.86
73.74,3.77,47.53,33.7,92.06,1.3
55.33,74.09,48.55,8.63,97.25,51.85
61.46,23.74,48.4,42.97,7.58,10.71
83.76,24.06,19.58,50.54,76.9,6.29
57.72,12.01,3.74,5.37,83.43,11.89
4.61,43.85,84.41,26.31,42.23,4.09
44.96,57.8,57.13,33.31,31.62,10.75
36.74,10.04,76.68,96.63,97.01,86.52
60.12,70.12,28.59,63.11,45.62,48.25
75.8,28.26,31.87,92.47,5.72,48.61
91.29,61.08,54.69,25.05,34.39,85.22
55.97,51.52,10.05,1.7,96.37,37.76
60.36,8.06,68.34,93.26,57.61,12.7
58.21,76.66,40.7,88.0,64.9,89.93
62.39,13.22,31.04,20.26,90.89,76.06
67.67,30.17,18.49,75.67,47.47,22.66
61.7,4.13,32.68,46.91,14.88,98.47
20.99,13.12,20.43,76.93,42.61,56.59
2.2,3.54,44.64,81.68,88.54,8.76
53.88,91.33,38.86,82.97,13.46,93.55
75.17,94.14,67.69,36.4,93.82,27.63
33.28,70.11,76.56,92.95,20.56,79.82
73.88,6.47,38.78,28.35,30.52,98.3
64.31,71.8,97.66,37.78,80.2,43.51
86.97,18.15,94.77,21.96,32.69,75.64
39.44,60.86,44.51,74.26,22.91,5.94
30.06,47.48,16.89,35.54,40.06,5.83
58.37,88.45,15.26,59.82,66.51,41.99
70.14,41.13,50.51,0.83,69.2,66.17
3.94,36.89,97.91,42.13,50.24,91.0
71.75,58.25,79.8,86.45,45.74,47.56
38.67,96.67,69.75,8.41,86.31,48.11
6.97,55.02,41.77,87.79,20.48,82.66
55.81,5.56,97.19,51.31,29.16,46.99
85.8,30.56,19.35,12.99,29.86,78.03
47.22,22.83,16.7,33.34,94.0,34.37
98.81,48.57,18.0,89.12,46.09,71.0
98.37,5.11,9.76,72.07,28.25,18.51
4.03,2.28,77.47,13.53,46.83,60.63
42.89,2.81,78.37,1.15,76.21,89.34
43.34,53.6,47.75,38.98,88.75,89.4
33.65,61.55,92.7,96.21,50.95,45.34
27.94,95.89,14.37,58.02,28.33,27.97
40.56,99.88,5.59,57.9,8.35,15.54
44.01,51.09,25.95,31.71,8.79,30.39
96.66,94.48,33.55,57.13,90.97,0.72
81.09,94.84,9.22,16.23,96.08,53.8
1.52,25.84,45.05,69.32,73.34,99.54
28.82,53.87,53.38,40.62,17.0,97.75
85.35,49.88,60.36,22.8,54.42,69.53
51.57,99.03,61.17,37.16,77.24,17.13
38.51,34.76,43.24,78.2,48.47,79.42
57.69,34.27,81.02,23.91,22.52,50.5
26.16,1.01,64.86,51.16,44.61,96.7
57.16,86.36,14.03,56.96,86.81,58.35
71.83,37.27,9.34,45.84,39.51,86.72
24.48,96.68,95.82,24.84,34.87,89.57
96.67,44.4,32.17,52.66,68.81,27.42
73.67,5.26,5.02,38.69,35.41,31.63
49.15,32.14,19.31,31.02,97.49,41.17
44.53,57.7,98.34,24.24,68.16,71.63
60.77,8.95,67.72,6.5,59.65,73.98
21.18,84.18,3.13,84.4,46.09,21.84
13.46,95.34,7.36,19.99,34.85,62.06
54.53,12.65,29.04,23.95,21.43,41.17
70.43,21.82,36.73,39.15,97.65,95.47
80.03,24.24,6.9,31.76,26.75,50.64
77.8,85.85,84.5,36.03,68.75,31.35
6.18,70.19,1.08,40.98,33.0,69.37
76.65,30.48,81.18,29.46,44.69,72.73
69.32,98.74,22.59,66.27,61.01,91.52
15.72,75.2,56.87,27.54,47.5,33.44
57.97,88.91,56.97,63.21,51.92,5.21
23.36,49.25,31.09,18.26,50.46,32.35
25.88,46.45,13.42,92.78,86.78,70.79
10.71,77.61,80.81,76.8,11.49,64.43
83.45,57.78,64.68,45.89,52.92,3.53
63.93,8.24,43.56,29.34,54.59,13.43
69.2,79.52,16.42,10.52,14.64,87.73
52.87,46.78,10.76,64.99,86.81,82.84
62.64,7.62,11.33,5.03,25.82,13.65
26.08,38.57,94.3,61.08,83.51,71.06
11.34,73.62,27.58,63.95,34.16,99.77
26.43,27.99,93.07,2.56,69.7,72.56
83.65,97.45,97.56,6.62,82.2,64.67
64.77,12.92,65.05,98.25,91.19,43.97
4.09,36.29,82.66,70.18,45.99,5.6
42.75,46.96,92.86,64.14,31.23,52.58
6.7,97.26,36.07,47.84,35.59,68.28
66.26,71.56,26.89,31.64,12.61,65.59
4.08,59.81,86.98,89.09,44.96,45.98
7.79,67.11,82.14,24.54,42.19,83.9
87.72,24.39,55.1,19.33,10.28,91.12
82.07,76.03,4.97,84.39,43.86,34.31
54.69,9.23,75.69,58.29,18.74,18.9
18.51,5.79,58.82,84.05,1.85,5.0
57.32,81.97,32.74,35.03,59.68,27.49
2.76,73.55,62.6,58.12,74.19,67.56
20.67,35.31,12.7,13.07,67.65,85.87
96.28,62.87,18.49,10.65,81.3,57.92
61.87,78.17,70.36,83.46,5.72,74.78
85.1,28.68,64.08,31.48,95.8,3.44
58.02,16.73,71.25,17.67,23.61,49.49
91.49,21.25,14.51,75.92,50.11,91.19
14.75,64.63,23.36,15.76,68.37,59.41
75.51,31.02,44.85,40.61,98.41,29.3
29.55,35.52,56.5,25.31,91.54,26.64
89.59,10.44,65.69,90.71,16.96,96.84
45.34,94.58,67.71,30.23,18.91,30.44
9.39,14.47,10.56,42.35,79.58,14.22
13.12,64.38,19.8,9.85,16.77,92.38
82.16,35.47,65.62,53.77,67.74,68.3
62.91,26.68,4.0,45.61,89.11,56.99
83.26,99.16,16.45,69.21,67.46,98.0
98.56,68.7,24.44,79.88,10.79,78.09
91.03,38.35,63.1,43.07,43.83,31.11
76.24,93.62,94.08,17.56,87.49,73.77
25.36,6.82,26.87,91.23,63.35,72.13
25.79,71.97,2.91,37.59,62.71,14.7
82.32,23.58,65.26,40.58,59.64,10.83
1.79,90.97,27.04,81.99,99.94,21.22
26.59,66.32,96.55,91.59,50.34,79.53
13.66,97.75,96.44,16.46,30.01,10.11
27.24,81.61,37.89,8.93,34.29,98.14
63.01,41.67,16.74,98.62,82.1,28.22
7.1,5.76,12.13,58.12,92.88,49.72
84.31,44.64,70.89,73.21,17.48,36.19
63.77,7.16,36.22,53.53,99.62,47.51
81.62,43.26,79.66,59.58,88.67,41.15
60.47,63.04,41.8,14.52,9.45,1.77
87.37,23.72,21.23,73.63,32.07,50.65
16.33,95.98,85.17,86.39,40.74,76.26
14.47,0.96,2.1,58.7,45.59,51.85
0.85,42.33,71.84,44.33,73.25,23.38
81.33,58.88,21.16,23.75,62.84,83.01
41.62,25.9,86.71,66.96,44.86,48.84
20.51,62.72,35.94,99.56,48.07,48.64
56.63,91.68,80.1,45.17,71.9,58.66
49.29,19.31,46.45,24.66,91.49,33.61
95.23,53.35,63.19,54.34,13.03,37.64
10.0,62.33,44.74,77.82,22.13,16.54
40.69,92.67,71.07,41.95,51.78,8.51
98.46,66.67,28.61,58.62,11.04,96.59
17.56,64.84,24.62,71.78,77.7,67.37
61.49,89.26,7.95,33.16,24.9,98.8
39.0,73.29,68.5,21.29,23.98,28.2
41.17,23.51,2.06,87.95,96.56,34.22
33.92,0.81,68.06,82.56,14.75,16.05
79.03,61.67,4.58,62.29,30.96,36.94
77.0,81.11,40.1,94.72,40.71,77.21
48.44,89.76,90.79,8.83,93.66,82.57
79.15,20.17,80.53,85.03,28.99,95.23
5.08,15.08,53.8,57.62,64.55,1.8
96.04,4.55,14.39,1.5,56.73,93.23
66.63,82.28,1.43,54.25,46.01,49.95
7.31,68.48,50.37,76.54,48.58,15.02
